date,demand_mgd,temperature_c,humidity_pct,rainfall_mm,day_of_week,month,is_public_holiday,is_festival,population_thousands,season,reservoir_storage_pct,groundwater_level_m
2023-01-01,147.309,28.46,47.24,0.53,6,1,1,0,820.91,winter,58.84,28.25
2023-01-02,136.558,26.44,45.29,0.82,0,1,0,0,819.95,winter,58.82,27.75
2023-01-03,133.336,29.13,47.74,0.54,1,1,0,0,821.5,winter,59.08,27.01
2023-01-04,135.824,29.41,44.06,0.18,2,1,0,0,820.39,winter,54.95,27.58
2023-01-05,133.579,25.07,46.39,0.41,3,1,0,0,820.85,winter,56.22,27.99
2023-01-06,133.635,26.05,45.79,0.09,4,1,0,0,820.56,winter,56.54,28.05
2023-01-07,138.872,28.19,48.89,0.44,5,1,0,0,820.58,winter,59.41,28.7
2023-01-08,136.37,27.53,49.04,0.49,6,1,0,0,819.65,winter,62.06,28.26
2023-01-09,137.64,27.97,36.9,0.42,0,1,0,0,821.14,winter,58.85,28.06
2023-01-10,135.02,26.72,33.76,0.47,1,1,0,0,823.34,winter,64.01,28.02
2023-01-11,135.736,29.32,50.01,0.17,2,1,0,0,820.17,winter,61.12,28.48
2023-01-12,135.652,29.17,50.94,2.03,3,1,0,0,820.67,winter,58.06,27.81
2023-01-13,137.209,28.1,39.9,0.78,4,1,0,0,820.21,winter,61.59,27.99
2023-01-14,139.955,29.69,35.7,0.58,5,1,0,0,820.23,winter,64.56,27.62
2023-01-15,136.876,28.7,45.5,0.65,6,1,0,0,822.31,winter,65.77,28.62
2023-01-16,134.563,26.71,49.65,0.29,0,1,0,0,820.15,winter,63.67,28.22
2023-01-17,142.0,28.55,53.99,1.55,1,1,0,1,820.4,winter,60.52,27.78
2023-01-18,134.754,26.56,47.58,0.09,2,1,0,0,819.35,winter,60.12,28.02
2023-01-19,135.332,29.32,43.14,0.03,3,1,0,0,820.23,winter,62.83,28.28
2023-01-20,134.027,27.93,40.53,0.67,4,1,0,0,819.33,winter,66.45,27.98
2023-01-21,135.77,27.72,45.06,0.52,5,1,0,0,821.73,winter,63.05,27.87
2023-01-22,139.581,26.98,43.5,0.24,6,1,0,0,823.95,winter,63.44,27.82
2023-01-23,135.704,29.83,39.92,2.38,0,1,0,0,820.84,winter,62.55,28.22
2023-01-24,133.403,27.77,55.24,0.75,1,1,0,0,819.6,winter,61.73,27.95
2023-01-25,132.545,27.36,53.93,0.43,2,1,0,0,822.22,winter,62.54,27.91
2023-01-26,134.98,27.47,50.68,0.94,3,1,0,0,820.64,winter,63.75,27.57
2023-01-27,134.909,28.8,40.4,0.11,4,1,0,0,822.73,winter,68.81,28.14
2023-01-28,138.521,28.55,49.28,0.25,5,1,0,0,821.2,winter,63.25,28.04
2023-01-29,138.997,28.62,48.2,0.13,6,1,0,0,820.9,winter,64.43,27.98
2023-01-30,136.906,28.65,47.21,0.14,0,1,0,0,821.41,winter,61.98,28.2
2023-01-31,138.035,31.21,51.25,0.91,1,1,0,0,822.4,winter,67.03,28.42
2023-02-01,137.912,31.39,40.86,0.38,2,2,0,0,821.47,winter,69.27,28.4
2023-02-02,137.777,31.23,41.38,0.49,3,2,0,0,821.26,winter,70.34,28.35
2023-02-03,137.634,30.78,40.86,0.22,4,2,0,0,821.61,winter,66.37,28.04
2023-02-04,139.044,32.92,39.38,0.08,5,2,0,0,820.59,winter,67.77,27.91
2023-02-05,141.255,33.69,28.76,0.18,6,2,0,0,822.32,winter,65.87,27.72
2023-02-06,137.946,31.83,38.1,0.19,0,2,0,0,820.19,winter,68.2,27.91
2023-02-07,135.71,30.74,34.9,0.57,1,2,0,0,821.59,winter,67.84,28.16
2023-02-08,134.546,30.76,31.28,0.78,2,2,0,0,822.84,winter,67.34,27.84
2023-02-09,132.461,32.98,46.09,2.51,3,2,0,0,822.44,winter,67.85,28.19
2023-02-10,132.818,33.11,46.32,1.34,4,2,0,0,822.79,winter,69.06,27.77
2023-02-11,138.304,32.81,44.48,2.74,5,2,0,0,822.18,winter,67.09,27.5
2023-02-12,140.701,31.0,38.96,0.93,6,2,0,0,823.47,winter,67.51,28.5
2023-02-13,136.616,32.35,44.43,0.01,0,2,0,0,823.28,winter,73.61,27.98
2023-02-14,136.743,32.18,37.74,0.07,1,2,0,0,822.86,winter,76.87,27.84
2023-02-15,136.231,32.33,38.69,0.54,2,2,0,0,823.4,winter,65.38,27.74
2023-02-16,139.299,33.31,32.21,0.42,3,2,0,0,823.27,winter,65.45,28.35
2023-02-17,137.63,32.34,39.66,0.15,4,2,0,0,822.14,winter,66.6,28.74
2023-02-18,142.486,33.02,37.98,0.16,5,2,0,0,821.29,winter,69.4,28.03
2023-02-19,143.218,32.1,31.17,0.81,6,2,0,0,823.11,winter,72.63,28.11
2023-02-20,136.961,32.43,37.42,0.27,0,2,0,0,823.29,winter,71.94,28.63
2023-02-21,136.904,32.95,37.28,0.83,1,2,0,0,823.89,winter,70.9,27.48
2023-02-22,133.482,29.81,46.67,0.75,2,2,0,0,821.92,winter,72.19,28.99
2023-02-23,135.195,31.52,42.15,0.31,3,2,0,0,822.0,winter,68.74,29.19
2023-02-24,134.662,31.29,37.74,0.47,4,2,0,0,823.42,winter,70.29,27.13
2023-02-25,140.17,31.04,38.92,0.23,5,2,0,0,822.95,winter,71.17,28.18
2023-02-26,139.537,31.59,37.9,0.57,6,2,0,0,821.19,winter,66.68,27.94
2023-02-27,138.443,34.24,36.66,1.57,0,2,0,0,823.5,winter,68.14,28.12
2023-02-28,138.004,30.7,32.27,0.9,1,2,0,0,821.33,winter,68.45,28.06
2023-03-01,140.277,36.38,34.24,0.6,2,3,0,0,822.29,summer,74.29,28.56
2023-03-02,137.115,32.4,31.27,0.83,3,3,0,0,824.64,summer,72.91,28.19
2023-03-03,138.191,34.43,28.75,0.33,4,3,0,0,825.17,summer,74.18,27.88
2023-03-04,142.722,35.17,37.56,0.32,5,3,0,0,822.19,summer,67.0,28.18
2023-03-05,146.85,35.81,36.96,0.09,6,3,0,0,823.13,summer,68.23,28.46
2023-03-06,139.792,36.0,26.07,0.29,0,3,0,0,823.55,summer,74.83,27.78
2023-03-07,138.184,36.12,34.39,0.47,1,3,0,0,825.35,summer,64.66,27.6
2023-03-08,142.488,34.41,39.98,0.26,2,3,0,0,823.13,summer,76.81,29.06
2023-03-09,139.157,34.23,40.3,0.04,3,3,0,0,823.2,summer,67.81,28.01
2023-03-10,135.898,36.22,40.13,0.03,4,3,0,0,825.28,summer,75.95,28.22
2023-03-11,140.536,34.64,35.19,0.21,5,3,0,0,823.41,summer,70.89,28.12
2023-03-12,138.149,33.01,30.77,0.14,6,3,0,0,824.56,summer,76.82,28.5
2023-03-13,138.161,33.23,29.58,0.37,0,3,0,0,822.42,summer,83.42,28.99
2023-03-14,139.317,33.55,36.72,0.55,1,3,0,0,823.78,summer,67.09,28.52
2023-03-15,137.262,35.67,36.9,0.53,2,3,0,0,822.35,summer,76.11,27.68
2023-03-16,137.192,35.14,41.44,0.13,3,3,0,0,823.0,summer,68.7,27.74
2023-03-17,139.474,35.96,40.5,0.9,4,3,0,0,824.95,summer,75.5,28.14
2023-03-18,139.468,34.29,34.34,1.43,5,3,0,0,824.12,summer,73.69,28.2
2023-03-19,140.864,35.17,28.78,0.57,6,3,0,0,823.91,summer,74.79,27.62
2023-03-20,139.447,35.87,33.4,0.48,0,3,0,0,823.53,summer,71.75,28.64
2023-03-21,137.314,34.46,36.09,0.13,1,3,0,0,824.11,summer,76.9,27.88
2023-03-22,138.19,35.61,33.99,0.02,2,3,0,0,824.69,summer,70.28,28.92
2023-03-23,136.009,33.94,32.11,0.81,3,3,0,0,825.43,summer,78.41,29.05
2023-03-24,137.399,34.38,36.26,1.55,4,3,0,0,821.87,summer,73.52,28.23
2023-03-25,146.699,34.36,32.48,1.81,5,3,1,0,823.72,summer,70.59,28.51
2023-03-26,145.56,33.13,31.86,0.03,6,3,0,0,824.77,summer,79.63,27.84
2023-03-27,141.436,35.66,36.56,0.67,0,3,0,0,824.57,summer,74.68,28.59
2023-03-28,139.52,34.22,32.99,0.38,1,3,0,0,825.12,summer,80.64,28.14
2023-03-29,136.378,34.95,36.22,0.01,2,3,0,0,825.04,summer,78.61,27.91
2023-03-30,138.819,35.65,36.37,0.3,3,3,0,0,824.52,summer,72.57,28.24
2023-03-31,138.633,35.6,29.3,0.17,4,3,0,0,824.36,summer,74.73,28.17
2023-04-01,142.857,37.0,35.27,0.45,5,4,0,0,824.69,summer,75.36,28.23
2023-04-02,145.305,35.85,44.87,0.67,6,4,0,0,826.14,summer,79.58,28.74
2023-04-03,139.929,35.37,31.87,0.44,0,4,0,0,824.32,summer,76.31,28.05
2023-04-04,141.962,35.88,27.1,0.57,1,4,0,0,825.04,summer,75.52,29.07
2023-04-05,141.829,33.47,28.37,0.54,2,4,0,0,825.34,summer,74.38,27.85
2023-04-06,140.562,33.83,37.83,0.0,3,4,0,0,826.77,summer,74.81,29.03
2023-04-07,136.619,34.02,37.83,2.03,4,4,0,0,824.97,summer,78.85,27.98
2023-04-08,137.85,34.5,37.09,0.94,5,4,0,0,826.28,summer,74.91,28.39
2023-04-09,144.229,36.6,43.75,0.02,6,4,0,0,826.61,summer,73.68,28.2
2023-04-10,141.257,34.64,24.32,0.15,0,4,0,0,825.37,summer,73.13,28.26
2023-04-11,138.351,35.43,39.66,0.16,1,4,0,0,825.28,summer,73.11,28.72
2023-04-12,141.179,37.95,45.49,0.07,2,4,0,0,825.21,summer,70.51,29.0
2023-04-13,138.609,35.47,32.04,0.05,3,4,0,0,825.34,summer,72.41,28.88
2023-04-14,138.484,37.11,35.78,0.42,4,4,0,0,826.51,summer,79.09,28.25
2023-04-15,143.337,34.6,33.92,0.07,5,4,0,0,825.94,summer,73.9,28.49
2023-04-16,142.502,35.69,33.21,0.84,6,4,0,0,826.0,summer,76.56,28.11
2023-04-17,139.759,34.57,36.05,0.42,0,4,0,0,824.69,summer,66.92,28.03
2023-04-18,140.385,35.49,44.82,0.15,1,4,0,0,824.9,summer,75.97,27.97
2023-04-19,139.754,37.26,46.87,0.78,2,4,0,0,828.07,summer,73.69,28.26
2023-04-20,140.425,33.41,36.0,0.68,3,4,0,0,825.8,summer,72.63,28.54
2023-04-21,140.654,36.65,47.2,1.72,4,4,0,0,825.26,summer,74.51,27.68
2023-04-22,143.761,36.36,37.86,0.1,5,4,0,0,827.52,summer,72.37,28.43
2023-04-23,140.342,35.11,46.45,0.09,6,4,0,0,826.43,summer,67.37,29.05
2023-04-24,136.969,33.83,37.21,0.1,0,4,0,0,826.78,summer,76.38,28.9
2023-04-25,139.528,36.11,38.33,0.27,1,4,0,0,826.12,summer,74.21,28.22
2023-04-26,136.113,35.21,39.51,1.1,2,4,0,0,825.99,summer,72.41,27.9
2023-04-27,136.548,36.35,53.57,1.91,3,4,0,0,826.2,summer,70.31,28.65
2023-04-28,138.495,36.03,41.94,0.54,4,4,0,0,825.04,summer,68.66,27.54
2023-04-29,146.077,38.4,34.14,1.0,5,4,0,0,826.39,summer,73.59,28.92
2023-04-30,143.475,35.64,42.52,2.5,6,4,0,0,826.83,summer,77.6,28.39
2023-05-01,138.549,33.39,43.19,0.02,0,5,0,0,828.43,summer,73.21,29.21
2023-05-02,138.111,35.2,42.55,1.44,1,5,0,0,826.73,summer,68.29,27.79
2023-05-03,138.431,35.26,49.54,0.23,2,5,0,0,824.36,summer,72.94,28.86
2023-05-04,138.673,36.97,45.16,0.01,3,5,0,0,826.65,summer,71.93,28.45
2023-05-05,140.293,36.18,46.39,0.3,4,5,0,0,829.54,summer,74.5,28.36
2023-05-06,141.185,35.46,45.07,1.72,5,5,0,0,827.73,summer,73.54,27.95
2023-05-07,144.205,37.12,46.68,0.31,6,5,0,0,826.1,summer,62.57,28.74
2023-05-08,140.128,33.15,47.12,0.43,0,5,0,0,827.56,summer,72.97,28.78
2023-05-09,138.459,33.97,35.32,0.16,1,5,0,0,826.28,summer,68.12,29.23
2023-05-10,139.097,33.54,48.33,0.0,2,5,0,0,825.72,summer,66.66,28.92
2023-05-11,138.444,34.34,40.09,1.43,3,5,0,0,826.78,summer,70.15,28.28
2023-05-12,139.002,32.86,37.79,0.51,4,5,0,0,827.28,summer,71.73,28.12
2023-05-13,143.096,35.88,44.71,0.04,5,5,0,0,825.37,summer,65.36,27.98
2023-05-14,144.114,34.59,45.42,0.6,6,5,0,0,826.15,summer,72.17,29.12
2023-05-15,138.512,32.72,41.53,0.16,0,5,0,0,827.36,summer,72.11,28.22
2023-05-16,144.386,33.4,49.16,0.03,1,5,0,1,827.0,summer,69.73,29.13
2023-05-17,142.964,35.4,38.29,0.28,2,5,0,0,827.86,summer,66.75,28.75
2023-05-18,141.336,36.19,42.97,1.06,3,5,0,0,826.3,summer,66.17,28.68
2023-05-19,138.541,37.92,42.08,1.25,4,5,0,0,828.29,summer,71.94,28.43
2023-05-20,144.126,39.3,44.77,0.74,5,5,0,0,826.44,summer,64.08,28.82
2023-05-21,140.347,35.55,46.39,0.63,6,5,0,0,829.32,summer,71.55,28.55
2023-05-22,137.756,33.44,39.96,0.15,0,5,0,0,826.02,summer,67.61,28.42
2023-05-23,138.358,31.73,48.62,0.09,1,5,0,0,826.7,summer,67.55,28.85
2023-05-24,138.234,35.33,45.32,1.01,2,5,0,0,828.26,summer,62.45,28.51
2023-05-25,138.551,33.71,35.54,0.27,3,5,0,0,829.57,summer,66.87,28.26
2023-05-26,133.455,34.31,35.21,1.58,4,5,0,0,828.27,summer,68.87,28.82
2023-05-27,139.655,34.01,44.94,0.48,5,5,0,0,828.57,summer,62.75,28.56
2023-05-28,143.092,34.72,43.9,0.77,6,5,0,0,828.08,summer,67.97,28.78
2023-05-29,141.234,36.53,44.48,0.62,0,5,0,0,827.09,summer,66.46,28.41
2023-05-30,141.007,35.16,44.86,0.39,1,5,0,0,827.69,summer,63.97,28.11
2023-05-31,138.833,34.69,46.13,0.01,2,5,0,0,827.02,summer,68.18,29.29
2023-06-01,135.668,30.45,59.74,2.43,3,6,0,0,827.01,monsoon,58.71,29.22
2023-06-02,132.346,29.49,49.44,3.74,4,6,0,0,828.74,monsoon,66.06,28.96
2023-06-03,134.917,31.27,49.14,14.49,5,6,0,0,827.27,monsoon,69.58,28.46
2023-06-04,136.614,31.92,49.53,4.69,6,6,0,0,828.77,monsoon,68.74,28.5
2023-06-05,133.192,34.65,56.44,4.31,0,6,0,0,827.2,monsoon,65.29,29.17
2023-06-06,130.357,32.2,61.22,12.26,1,6,0,0,828.86,monsoon,62.91,28.48
2023-06-07,136.401,33.47,52.84,3.83,2,6,0,0,828.13,monsoon,61.59,28.37
2023-06-08,136.159,31.25,42.49,0.94,3,6,0,0,830.08,monsoon,62.28,29.38
2023-06-09,134.007,30.22,46.48,10.23,4,6,0,0,829.05,monsoon,64.5,28.62
2023-06-10,138.359,30.55,50.83,0.28,5,6,0,0,830.01,monsoon,60.13,29.35
2023-06-11,135.606,30.91,52.21,8.79,6,6,0,0,828.08,monsoon,64.51,28.08
2023-06-12,145.659,35.19,52.96,3.44,0,6,0,1,828.95,monsoon,68.31,28.86
2023-06-13,135.107,30.77,55.19,2.46,1,6,0,0,827.96,monsoon,61.4,29.48
2023-06-14,135.114,33.26,53.44,2.39,2,6,0,0,828.59,monsoon,57.23,28.67
2023-06-15,134.521,30.65,60.25,2.94,3,6,0,0,828.79,monsoon,56.9,28.55
2023-06-16,136.167,33.4,51.62,2.06,4,6,0,0,828.38,monsoon,62.93,28.2
2023-06-17,138.254,32.58,50.69,5.39,5,6,0,0,827.95,monsoon,60.09,29.1
2023-06-18,137.119,31.77,57.39,2.15,6,6,0,0,827.8,monsoon,62.57,28.36
2023-06-19,134.944,31.94,47.32,3.46,0,6,0,0,826.93,monsoon,58.01,28.64
2023-06-20,134.079,31.02,56.95,0.09,1,6,0,0,828.27,monsoon,61.76,28.19
2023-06-21,133.907,32.67,55.51,3.44,2,6,0,0,830.01,monsoon,58.46,29.31
2023-06-22,136.573,31.32,54.26,2.01,3,6,0,0,827.84,monsoon,56.4,29.15
2023-06-23,131.621,30.16,62.94,8.23,4,6,0,0,828.12,monsoon,57.05,28.68
2023-06-24,138.219,30.08,51.89,2.58,5,6,0,0,831.34,monsoon,54.32,28.23
2023-06-25,139.065,32.26,65.3,7.19,6,6,0,0,828.97,monsoon,63.54,29.31
2023-06-26,138.449,34.37,53.87,6.46,0,6,0,0,829.98,monsoon,56.94,28.56
2023-06-27,135.852,32.24,48.61,6.63,1,6,0,0,830.35,monsoon,58.82,28.27
2023-06-28,136.945,31.82,55.35,2.69,2,6,0,0,830.43,monsoon,54.94,28.01
2023-06-29,136.094,32.43,49.62,3.68,3,6,0,0,828.3,monsoon,53.05,28.46
2023-06-30,136.828,33.96,51.24,5.25,4,6,0,0,829.65,monsoon,55.16,28.14
2023-07-01,135.209,28.33,66.99,3.8,5,7,0,0,828.31,monsoon,58.82,28.47
2023-07-02,133.038,27.38,67.78,2.59,6,7,0,0,832.43,monsoon,53.61,29.03
2023-07-03,134.628,29.66,61.89,1.08,0,7,0,0,828.45,monsoon,52.22,28.58
2023-07-04,133.895,28.64,69.94,3.51,1,7,0,0,829.05,monsoon,54.95,28.88
2023-07-05,134.917,30.3,70.79,0.35,2,7,0,0,829.11,monsoon,55.64,28.45
2023-07-06,132.679,28.27,72.18,0.75,3,7,0,0,828.71,monsoon,58.72,28.77
2023-07-07,133.623,26.16,67.65,6.56,4,7,0,0,831.61,monsoon,54.51,29.52
2023-07-08,134.81,25.95,71.82,4.4,5,7,0,0,832.74,monsoon,55.04,28.61
2023-07-09,138.564,30.48,55.6,6.62,6,7,0,0,829.89,monsoon,54.92,28.91
2023-07-10,137.158,30.59,63.41,1.48,0,7,0,0,829.1,monsoon,48.97,28.13
2023-07-11,135.994,27.73,60.66,8.99,1,7,0,0,828.24,monsoon,49.19,29.37
2023-07-12,133.864,27.43,65.6,0.43,2,7,0,0,830.29,monsoon,48.49,28.58
2023-07-13,141.554,30.19,62.14,0.79,3,7,0,1,830.27,monsoon,47.41,29.19
2023-07-14,131.507,26.34,64.17,8.85,4,7,0,0,829.99,monsoon,53.45,28.73
2023-07-15,137.629,26.66,74.41,4.09,5,7,0,0,830.92,monsoon,51.6,29.02
2023-07-16,138.748,28.96,64.15,6.66,6,7,0,0,831.15,monsoon,50.63,29.05
2023-07-17,135.319,27.41,67.07,4.42,0,7,0,0,831.13,monsoon,42.28,28.61
2023-07-18,139.029,27.99,63.84,1.77,1,7,0,0,830.55,monsoon,55.89,29.23
2023-07-19,136.085,27.75,65.38,0.65,2,7,0,0,829.82,monsoon,46.71,28.49
2023-07-20,132.65,28.51,65.03,0.14,3,7,0,0,831.64,monsoon,55.22,29.11
2023-07-21,130.498,30.11,67.24,15.51,4,7,0,0,831.04,monsoon,44.39,28.65
2023-07-22,134.962,28.14,70.83,0.25,5,7,0,0,831.97,monsoon,45.97,28.95
2023-07-23,135.096,28.97,73.24,11.92,6,7,0,0,831.93,monsoon,41.48,28.63
2023-07-24,131.686,24.92,66.55,3.86,0,7,0,0,829.77,monsoon,48.85,28.84
2023-07-25,131.146,27.93,67.95,4.56,1,7,0,0,829.81,monsoon,44.14,28.39
2023-07-26,129.82,26.74,59.25,4.26,2,7,0,0,830.55,monsoon,43.91,28.92
2023-07-27,133.382,26.17,64.56,5.91,3,7,0,0,830.3,monsoon,42.7,28.85
2023-07-28,133.324,26.68,69.7,1.29,4,7,0,0,832.17,monsoon,48.83,28.62
2023-07-29,136.973,27.5,69.33,0.04,5,7,0,0,831.82,monsoon,48.32,28.81
2023-07-30,140.24,29.37,66.06,1.72,6,7,0,0,832.62,monsoon,51.32,28.89
2023-07-31,134.999,26.01,69.43,5.44,0,7,0,0,831.97,monsoon,43.52,28.6
2023-08-01,132.859,24.05,74.77,0.81,1,8,0,0,831.84,monsoon,45.93,28.8
2023-08-02,130.562,23.27,78.32,9.18,2,8,0,0,832.89,monsoon,41.11,28.45
2023-08-03,135.817,23.51,73.77,3.0,3,8,1,0,832.21,monsoon,43.67,29.79
2023-08-04,134.703,25.5,70.54,0.69,4,8,0,0,831.87,monsoon,42.83,29.28
2023-08-05,142.282,24.81,74.0,4.04,5,8,1,0,833.33,monsoon,45.49,28.97
2023-08-06,139.707,26.01,57.67,5.35,6,8,0,0,832.02,monsoon,46.86,29.34
2023-08-07,132.415,23.77,74.23,5.73,0,8,0,0,831.66,monsoon,46.5,28.08
2023-08-08,132.633,22.96,54.08,10.06,1,8,0,0,831.18,monsoon,40.72,27.85
2023-08-09,131.074,23.66,63.7,1.64,2,8,0,0,832.77,monsoon,45.96,28.72
2023-08-10,131.54,24.36,74.58,2.41,3,8,0,0,833.36,monsoon,42.56,28.33
2023-08-11,132.114,24.26,74.71,0.78,4,8,0,0,832.13,monsoon,41.45,28.79
2023-08-12,134.56,22.37,66.51,0.11,5,8,0,0,833.54,monsoon,40.03,28.97
2023-08-13,134.817,24.14,68.76,3.27,6,8,0,0,830.32,monsoon,40.22,29.26
2023-08-14,131.39,24.34,79.17,1.72,0,8,0,0,832.29,monsoon,46.87,28.44
2023-08-15,130.504,27.78,69.9,7.8,1,8,0,0,832.36,monsoon,42.31,29.06
2023-08-16,129.288,26.82,83.54,0.2,2,8,0,0,831.73,monsoon,41.66,28.91
2023-08-17,129.234,22.72,72.31,1.14,3,8,0,0,834.89,monsoon,40.1,29.05
2023-08-18,130.695,23.57,74.36,0.48,4,8,0,0,832.5,monsoon,47.98,28.71
2023-08-19,135.319,21.8,80.4,3.34,5,8,0,0,832.21,monsoon,44.32,29.47
2023-08-20,137.215,23.11,72.98,1.51,6,8,0,0,832.7,monsoon,38.01,28.88
2023-08-21,129.83,24.47,67.31,0.56,0,8,0,0,830.73,monsoon,39.13,29.64
2023-08-22,137.515,25.81,71.77,2.24,1,8,1,0,832.02,monsoon,39.08,28.62
2023-08-23,132.285,22.91,72.14,1.35,2,8,0,0,833.82,monsoon,39.94,29.23
2023-08-24,132.547,23.02,65.5,1.13,3,8,0,0,832.27,monsoon,37.18,28.92
2023-08-25,130.091,20.78,71.04,3.68,4,8,0,0,832.12,monsoon,40.39,28.81
2023-08-26,133.894,23.76,68.61,4.33,5,8,0,0,834.31,monsoon,43.23,29.2
2023-08-27,133.85,22.41,76.94,8.07,6,8,0,0,834.4,monsoon,34.73,28.83
2023-08-28,131.72,23.21,72.49,2.51,0,8,0,0,833.63,monsoon,35.09,27.89
2023-08-29,132.627,22.68,70.91,4.12,1,8,0,0,832.71,monsoon,36.83,27.73
2023-08-30,131.636,23.86,71.79,2.55,2,8,0,0,832.98,monsoon,36.78,29.47
2023-08-31,132.125,21.36,73.44,1.39,3,8,0,0,832.47,monsoon,43.91,29.46
2023-09-01,130.359,18.87,78.08,4.43,4,9,0,0,832.34,monsoon,40.74,29.73
2023-09-02,136.015,24.27,70.0,2.1,5,9,0,0,832.34,monsoon,40.4,28.97
2023-09-03,132.146,19.14,69.79,2.66,6,9,0,0,832.83,monsoon,36.61,28.46
2023-09-04,130.909,19.43,80.52,3.87,0,9,0,0,832.46,monsoon,36.38,28.82
2023-09-05,130.777,23.83,72.94,0.49,1,9,0,0,831.99,monsoon,32.73,28.99
2023-09-06,133.359,25.43,67.92,0.12,2,9,0,0,833.83,monsoon,39.28,28.59
2023-09-07,125.997,19.31,77.22,13.26,3,9,0,0,833.9,monsoon,38.26,29.66
2023-09-08,125.571,20.52,77.32,4.14,4,9,0,0,835.42,monsoon,40.51,29.9
2023-09-09,143.299,21.58,67.35,3.58,5,9,0,1,833.1,monsoon,35.88,29.2
2023-09-10,137.755,23.66,76.15,1.29,6,9,0,0,834.12,monsoon,35.96,29.0
2023-09-11,132.994,19.59,78.68,4.26,0,9,0,0,834.19,monsoon,36.77,28.49
2023-09-12,130.864,20.7,76.87,1.25,1,9,0,0,833.68,monsoon,38.82,29.63
2023-09-13,129.048,22.24,78.16,5.13,2,9,0,0,834.74,monsoon,31.62,29.05
2023-09-14,129.311,21.72,67.98,4.4,3,9,0,0,834.82,monsoon,38.13,28.91
2023-09-15,131.908,20.51,76.66,3.8,4,9,1,0,834.43,monsoon,35.76,29.22
2023-09-16,133.742,20.87,73.49,4.73,5,9,0,0,833.9,monsoon,32.55,28.8
2023-09-17,132.814,19.01,72.59,1.84,6,9,0,0,833.85,monsoon,29.39,29.09
2023-09-18,129.642,20.71,79.35,2.04,0,9,0,0,832.9,monsoon,35.15,28.46
2023-09-19,129.718,20.67,82.4,5.35,1,9,0,0,833.52,monsoon,39.82,29.48
2023-09-20,129.285,21.42,83.97,3.13,2,9,0,0,833.75,monsoon,40.43,29.01
2023-09-21,124.608,20.24,81.57,10.05,3,9,0,0,833.31,monsoon,36.41,29.52
2023-09-22,128.321,21.78,74.45,6.54,4,9,0,0,834.93,monsoon,41.17,28.98
2023-09-23,133.077,22.59,76.76,4.09,5,9,0,0,835.74,monsoon,35.1,29.01
2023-09-24,133.687,21.3,78.83,1.54,6,9,0,0,833.69,monsoon,38.04,28.58
2023-09-25,131.707,21.6,75.61,5.56,0,9,0,0,834.93,monsoon,33.78,29.37
2023-09-26,130.247,21.15,75.65,1.28,1,9,0,0,833.67,monsoon,33.55,28.72
2023-09-27,127.52,21.07,79.12,3.21,2,9,0,0,834.46,monsoon,33.03,28.88
2023-09-28,132.099,19.99,74.7,0.37,3,9,0,0,834.12,monsoon,28.86,29.08
2023-09-29,130.754,21.55,71.35,1.97,4,9,0,0,835.47,monsoon,38.88,29.13
2023-09-30,133.866,20.93,72.93,1.93,5,9,0,0,834.25,monsoon,33.08,28.41
2023-10-01,135.595,23.14,75.49,0.25,6,10,0,0,835.99,autumn,32.6,29.0
2023-10-02,134.631,22.36,72.34,1.01,0,10,0,0,834.79,autumn,31.46,29.41
2023-10-03,130.84,20.58,74.02,0.16,1,10,0,0,834.44,autumn,34.39,28.95
2023-10-04,126.905,18.86,75.67,0.37,2,10,0,0,833.89,autumn,40.31,29.01
2023-10-05,127.039,18.33,70.45,0.41,3,10,0,0,835.45,autumn,41.31,29.17
2023-10-06,131.511,21.79,76.1,1.07,4,10,0,0,836.15,autumn,30.07,29.06
2023-10-07,140.971,20.39,74.21,0.29,5,10,1,0,835.58,autumn,34.02,28.7
2023-10-08,137.972,20.72,66.15,0.48,6,10,0,0,837.6,autumn,32.01,29.11
2023-10-09,133.654,17.38,79.53,0.24,0,10,0,0,836.85,autumn,38.12,29.52
2023-10-10,132.998,21.39,69.82,0.26,1,10,0,0,835.17,autumn,36.06,28.71
2023-10-11,138.526,20.68,64.05,2.7,2,10,0,1,835.21,autumn,33.34,28.98
2023-10-12,132.267,18.33,67.1,0.39,3,10,0,0,836.05,autumn,35.53,28.58
2023-10-13,130.913,19.29,67.22,2.2,4,10,0,0,834.8,autumn,33.94,29.52
2023-10-14,132.806,20.4,72.58,0.33,5,10,0,0,836.86,autumn,40.29,29.11
2023-10-15,134.919,20.08,70.95,0.03,6,10,0,0,836.11,autumn,37.16,28.81
2023-10-16,132.098,19.56,70.64,0.06,0,10,0,0,836.06,autumn,37.61,29.19
2023-10-17,128.016,19.84,75.42,0.02,1,10,0,0,836.54,autumn,27.68,28.67
2023-10-18,128.664,19.62,74.02,0.6,2,10,0,0,837.64,autumn,35.58,28.75
2023-10-19,128.685,20.23,73.9,0.47,3,10,0,0,836.14,autumn,42.12,28.58
2023-10-20,131.695,22.21,74.37,0.14,4,10,0,0,835.91,autumn,39.96,28.74
2023-10-21,130.076,16.15,75.4,0.73,5,10,0,0,837.59,autumn,30.55,29.71
2023-10-22,133.544,19.64,61.78,0.96,6,10,0,0,837.1,autumn,35.26,28.88
2023-10-23,130.668,20.26,70.5,0.47,0,10,0,0,835.87,autumn,32.72,29.37
2023-10-24,132.248,20.44,61.42,0.32,1,10,0,0,836.25,autumn,41.58,28.85
2023-10-25,130.462,19.44,72.5,0.24,2,10,0,0,836.49,autumn,37.31,29.49
2023-10-26,132.15,17.36,72.3,0.14,3,10,0,0,836.71,autumn,34.41,28.78
2023-10-27,131.595,20.49,77.55,0.39,4,10,0,0,835.05,autumn,36.96,29.21
2023-10-28,139.686,22.59,78.26,0.55,5,10,1,0,834.92,autumn,29.19,29.22
2023-10-29,136.877,17.7,73.33,0.38,6,10,0,0,835.63,autumn,33.91,30.14
2023-10-30,132.305,21.3,69.82,0.42,0,10,0,0,835.61,autumn,37.43,29.46
2023-10-31,131.289,19.51,74.75,2.06,1,10,0,0,835.98,autumn,40.02,28.97
2023-11-01,129.005,20.98,62.36,1.59,2,11,0,0,837.32,autumn,31.83,29.49
2023-11-02,136.336,19.49,64.99,0.29,3,11,0,1,836.57,autumn,36.68,30.08
2023-11-03,133.06,20.57,69.93,0.17,4,11,0,0,836.99,autumn,41.03,28.57
2023-11-04,137.552,23.02,62.21,4.64,5,11,0,0,835.62,autumn,33.83,28.89
2023-11-05,133.732,21.95,69.03,0.07,6,11,0,0,836.44,autumn,39.06,29.14
2023-11-06,134.854,23.67,68.39,0.68,0,11,0,0,837.54,autumn,38.77,29.07
2023-11-07,132.675,22.84,60.23,1.01,1,11,0,0,837.6,autumn,43.91,29.11
2023-11-08,128.517,21.73,69.87,0.01,2,11,0,0,836.34,autumn,38.28,28.72
2023-11-09,125.745,23.69,68.49,1.74,3,11,0,0,837.28,autumn,38.67,29.81
2023-11-10,126.782,21.73,65.51,0.35,4,11,0,0,839.37,autumn,41.96,28.68
2023-11-11,134.058,22.31,61.19,0.64,5,11,0,0,837.21,autumn,35.63,29.18
2023-11-12,135.989,20.63,60.7,0.1,6,11,0,0,836.59,autumn,39.17,29.68
2023-11-13,133.603,21.17,62.31,1.85,0,11,0,0,837.17,autumn,38.69,29.25
2023-11-14,130.282,20.03,67.71,1.01,1,11,0,0,837.49,autumn,39.87,28.88
2023-11-15,129.479,22.56,60.22,0.59,2,11,0,0,837.3,autumn,43.07,28.73
2023-11-16,128.958,19.3,67.19,0.22,3,11,0,0,837.47,autumn,42.43,29.18
2023-11-17,130.95,22.25,58.79,0.65,4,11,0,0,836.11,autumn,38.76,28.98
2023-11-18,135.015,20.79,63.98,0.74,5,11,0,0,836.65,autumn,41.67,29.37
2023-11-19,134.926,22.83,65.55,2.17,6,11,0,0,837.52,autumn,45.98,28.73
2023-11-20,133.692,22.2,77.23,0.08,0,11,0,0,837.56,autumn,39.27,29.62
2023-11-21,132.146,23.8,58.11,0.36,1,11,0,0,837.21,autumn,42.46,29.34
2023-11-22,129.966,22.17,72.36,0.15,2,11,0,0,837.66,autumn,41.71,29.38
2023-11-23,128.871,18.71,65.75,0.19,3,11,0,0,837.95,autumn,42.37,29.88
2023-11-24,131.616,20.97,67.06,1.66,4,11,0,0,838.83,autumn,37.94,29.13
2023-11-25,134.019,19.31,65.59,0.06,5,11,0,0,837.9,autumn,47.34,29.02
2023-11-26,134.238,20.29,67.22,0.95,6,11,0,0,838.45,autumn,41.06,29.1
2023-11-27,133.866,23.34,64.23,1.96,0,11,0,0,837.57,autumn,46.74,29.24
2023-11-28,135.46,22.03,72.27,0.01,1,11,0,0,838.73,autumn,42.09,29.29
2023-11-29,132.581,20.02,62.72,0.16,2,11,0,0,838.59,autumn,42.36,29.0
2023-11-30,132.416,19.55,70.66,0.25,3,11,0,0,839.14,autumn,48.17,28.52
2023-12-01,134.734,24.05,51.78,0.07,4,12,0,0,839.04,winter,47.81,29.11
2023-12-02,136.064,22.18,54.7,0.04,5,12,0,0,838.97,winter,45.75,29.48
2023-12-03,145.795,22.99,49.64,0.16,6,12,0,1,838.34,winter,47.71,29.4
2023-12-04,135.66,24.47,57.28,0.12,0,12,0,0,838.74,winter,44.86,29.83
2023-12-05,133.951,25.73,62.23,0.67,1,12,0,0,839.61,winter,46.01,30.13
2023-12-06,132.731,24.91,54.61,0.67,2,12,0,0,837.95,winter,44.36,29.66
2023-12-07,130.999,20.56,54.02,0.7,3,12,0,0,838.03,winter,49.37,29.91
2023-12-08,131.391,24.46,49.43,1.65,4,12,0,0,838.89,winter,44.89,29.67
2023-12-09,136.011,24.11,53.85,0.05,5,12,0,0,839.18,winter,51.74,30.05
2023-12-10,139.555,24.62,47.04,0.4,6,12,0,0,838.0,winter,46.66,30.11
2023-12-11,136.26,26.42,50.44,0.36,0,12,0,0,838.8,winter,47.99,29.76
2023-12-12,129.602,20.91,56.13,1.71,1,12,0,0,838.84,winter,50.53,29.66
2023-12-13,129.919,23.11,61.6,0.14,2,12,0,0,836.77,winter,48.65,29.3
2023-12-14,128.952,24.89,69.05,0.82,3,12,0,0,838.82,winter,48.01,29.37
2023-12-15,131.311,21.63,52.07,0.12,4,12,0,0,838.94,winter,49.14,29.26
2023-12-16,137.526,26.21,62.18,0.05,5,12,0,0,838.99,winter,52.24,29.64
2023-12-17,139.035,24.55,56.22,0.57,6,12,0,0,840.62,winter,47.9,29.11
2023-12-18,134.211,25.27,54.24,0.56,0,12,0,0,838.04,winter,49.85,29.33
2023-12-19,132.891,23.14,57.16,1.9,1,12,0,0,838.49,winter,50.59,28.47
2023-12-20,132.535,25.22,55.31,0.07,2,12,0,0,836.76,winter,53.49,30.1
2023-12-21,131.476,25.6,55.55,0.26,3,12,0,0,838.94,winter,50.94,29.33
2023-12-22,133.414,24.35,52.96,1.43,4,12,0,0,839.08,winter,57.0,29.6
2023-12-23,138.801,24.35,48.01,0.51,5,12,0,0,839.02,winter,51.44,30.01
2023-12-24,140.879,24.41,47.28,0.86,6,12,0,0,840.7,winter,51.54,29.55
2023-12-25,134.199,22.7,58.27,0.07,0,12,0,0,840.5,winter,52.08,30.01
2023-12-26,135.379,23.78,53.62,0.01,1,12,0,0,839.78,winter,48.99,28.94
2023-12-27,133.16,23.77,52.02,0.39,2,12,0,0,839.38,winter,50.17,30.4
2023-12-28,134.348,24.58,55.04,0.22,3,12,0,0,840.83,winter,52.03,29.88
2023-12-29,132.662,25.5,58.97,0.65,4,12,0,0,839.84,winter,57.38,29.53
2023-12-30,135.55,22.41,55.9,0.98,5,12,0,0,839.1,winter,54.21,30.02
2023-12-31,133.499,23.81,51.72,1.49,6,12,0,0,838.26,winter,53.2,28.99
2024-01-01,134.531,30.22,51.13,1.54,0,1,0,0,839.59,winter,58.68,29.34
2024-01-02,134.494,26.88,52.9,0.72,1,1,0,0,840.84,winter,60.0,30.04
2024-01-03,133.993,26.77,47.47,0.06,2,1,0,0,842.41,winter,59.45,28.72
2024-01-04,137.95,28.3,49.87,0.23,3,1,0,0,840.25,winter,53.47,29.7
2024-01-05,134.741,29.27,51.21,0.47,4,1,0,0,839.48,winter,54.89,29.69
2024-01-06,137.608,28.02,50.65,1.68,5,1,0,0,839.12,winter,62.16,30.27
2024-01-07,139.335,29.99,48.07,0.01,6,1,0,0,840.91,winter,57.79,28.85
2024-01-08,136.228,29.29,47.99,0.95,0,1,0,0,838.65,winter,56.6,30.13
2024-01-09,145.596,29.26,47.6,0.19,1,1,0,1,841.02,winter,59.9,29.27
2024-01-10,142.063,28.83,39.51,0.09,2,1,0,0,841.34,winter,61.11,29.32
2024-01-11,137.878,31.49,48.5,0.07,3,1,0,0,841.01,winter,56.71,29.01
2024-01-12,135.398,27.69,38.22,0.32,4,1,0,0,840.41,winter,59.42,29.07
2024-01-13,136.353,24.99,41.03,1.48,5,1,0,0,841.25,winter,61.88,29.67
2024-01-14,142.374,30.41,51.52,0.73,6,1,0,0,840.91,winter,55.96,29.07
2024-01-15,139.129,27.31,49.2,1.11,0,1,0,0,840.02,winter,59.81,29.81
2024-01-16,136.382,28.16,52.44,0.56,1,1,0,0,842.7,winter,56.76,29.25
2024-01-17,134.353,29.96,43.64,0.42,2,1,0,0,840.55,winter,57.49,29.04
2024-01-18,131.833,25.6,39.24,3.19,3,1,0,0,841.74,winter,59.08,29.32
2024-01-19,133.609,26.12,43.8,1.1,4,1,0,0,838.6,winter,62.53,29.67
2024-01-20,138.562,25.6,45.51,1.37,5,1,0,0,842.35,winter,60.46,29.43
2024-01-21,136.836,26.81,45.39,0.0,6,1,0,0,842.59,winter,59.81,29.55
2024-01-22,135.455,28.66,50.67,0.03,0,1,0,0,841.21,winter,62.23,29.82
2024-01-23,138.572,28.79,43.19,0.58,1,1,0,0,841.79,winter,58.95,29.98
2024-01-24,135.958,28.41,46.76,1.4,2,1,0,0,841.85,winter,64.0,29.43
2024-01-25,137.263,25.88,40.06,0.77,3,1,0,0,840.7,winter,66.42,29.14
2024-01-26,135.861,24.53,47.25,0.0,4,1,0,0,841.95,winter,63.11,29.59
2024-01-27,137.63,28.08,45.02,0.83,5,1,0,0,840.65,winter,63.05,29.75
2024-01-28,139.284,27.29,41.25,0.97,6,1,0,0,840.9,winter,65.08,28.98
2024-01-29,136.523,28.69,43.82,2.6,0,1,0,0,842.69,winter,58.19,29.22
2024-01-30,134.669,29.05,44.08,0.0,1,1,0,0,842.59,winter,66.19,29.29
2024-01-31,133.413,28.21,43.65,0.06,2,1,0,0,840.97,winter,74.18,29.5
2024-02-01,138.645,33.14,46.54,1.16,3,2,0,0,840.99,winter,64.81,29.28
2024-02-02,144.599,32.34,37.19,0.69,4,2,0,1,841.14,winter,65.11,29.87
2024-02-03,146.272,32.8,36.46,0.29,5,2,0,0,842.57,winter,67.99,28.95
2024-02-04,144.044,30.94,27.19,0.41,6,2,0,0,840.89,winter,70.98,28.96
2024-02-05,140.131,31.73,33.21,0.48,0,2,0,0,842.3,winter,69.26,29.47
2024-02-06,139.838,32.3,36.36,1.5,1,2,0,0,842.75,winter,60.15,29.53
2024-02-07,138.02,33.23,34.25,1.18,2,2,0,0,841.97,winter,68.58,29.03
2024-02-08,138.128,31.41,44.59,0.41,3,2,0,0,843.12,winter,74.89,29.37
2024-02-09,134.974,32.78,36.85,0.36,4,2,0,0,841.86,winter,69.31,29.46
2024-02-10,141.194,31.6,44.12,0.3,5,2,0,0,842.01,winter,64.24,29.46
2024-02-11,138.844,31.82,37.99,0.53,6,2,0,0,841.3,winter,68.82,29.68
2024-02-12,143.556,33.24,37.87,0.95,0,2,1,0,843.35,winter,64.39,29.36
2024-02-13,140.089,29.01,37.24,0.82,1,2,0,0,841.62,winter,72.19,30.22
2024-02-14,138.932,30.06,37.7,1.34,2,2,0,0,842.79,winter,65.87,29.83
2024-02-15,134.869,29.78,46.27,0.56,3,2,0,0,842.43,winter,69.21,29.32
2024-02-16,134.321,28.5,26.08,0.64,4,2,0,0,841.5,winter,66.66,29.68
2024-02-17,139.654,30.98,27.67,0.38,5,2,0,0,842.0,winter,67.83,29.7
2024-02-18,143.012,33.12,34.96,1.31,6,2,0,0,844.04,winter,74.17,30.14
2024-02-19,135.679,31.57,37.75,2.76,0,2,0,0,842.92,winter,70.25,29.42
2024-02-20,137.111,32.3,41.13,0.31,1,2,0,0,841.76,winter,68.49,29.97
2024-02-21,138.636,33.63,40.04,0.75,2,2,0,0,843.13,winter,66.95,29.68
2024-02-22,138.802,33.99,35.76,0.14,3,2,0,0,842.73,winter,64.99,30.26
2024-02-23,139.0,31.9,42.77,0.54,4,2,0,0,846.39,winter,67.07,30.19
2024-02-24,142.894,34.03,42.83,0.86,5,2,0,0,843.28,winter,71.36,29.75
2024-02-25,142.577,32.14,38.6,0.21,6,2,0,0,842.66,winter,74.17,29.58
2024-02-26,135.789,30.74,42.49,0.38,0,2,0,0,844.52,winter,69.75,29.89
2024-02-27,136.384,31.11,39.04,2.0,1,2,0,0,841.31,winter,76.34,29.62
2024-02-28,135.371,29.78,34.87,0.0,2,2,0,0,843.3,winter,69.66,30.36
2024-02-29,135.252,30.67,41.17,1.35,3,2,0,0,845.26,winter,71.28,29.73
2024-03-01,138.366,34.39,35.55,2.15,4,3,0,0,843.2,summer,68.94,29.54
2024-03-02,145.614,36.13,35.01,0.67,5,3,0,0,841.64,summer,75.32,29.52
2024-03-03,145.799,37.51,42.36,0.65,6,3,0,0,843.03,summer,78.81,29.22
2024-03-04,142.851,32.85,22.75,0.33,0,3,0,0,844.94,summer,67.4,29.93
2024-03-05,138.811,35.52,27.91,1.28,1,3,0,0,843.92,summer,71.8,29.39
2024-03-06,139.337,33.37,29.06,0.65,2,3,0,0,842.76,summer,76.79,30.16
2024-03-07,139.824,35.64,33.18,0.53,3,3,0,0,842.96,summer,68.8,29.21
2024-03-08,146.823,34.73,33.73,0.41,4,3,1,0,843.14,summer,74.98,29.78
2024-03-09,144.449,32.18,27.46,0.69,5,3,0,0,844.12,summer,77.08,30.19
2024-03-10,145.613,36.32,30.07,0.0,6,3,0,0,845.15,summer,73.79,28.88
2024-03-11,143.431,34.02,30.7,0.24,0,3,0,0,844.92,summer,75.33,30.55
2024-03-12,139.687,34.13,47.29,0.47,1,3,0,0,844.38,summer,79.08,29.57
2024-03-13,136.545,33.32,44.01,0.52,2,3,0,0,842.65,summer,79.76,29.8
2024-03-14,142.437,33.95,32.94,0.38,3,3,0,0,842.7,summer,73.84,29.98
2024-03-15,139.054,35.57,33.18,1.34,4,3,0,0,844.62,summer,72.53,30.05
2024-03-16,143.399,34.64,29.25,0.7,5,3,0,0,842.8,summer,71.46,29.87
2024-03-17,145.969,35.42,25.46,0.57,6,3,0,0,843.97,summer,77.25,30.16
2024-03-18,142.285,35.47,34.42,2.03,0,3,0,0,844.56,summer,70.29,29.98
2024-03-19,141.074,36.91,30.01,1.23,1,3,0,0,843.17,summer,73.72,30.48
2024-03-20,139.399,34.41,34.58,1.45,2,3,0,0,843.34,summer,74.87,29.98
2024-03-21,138.731,32.71,27.0,1.14,3,3,0,0,844.32,summer,73.12,30.57
2024-03-22,138.199,36.53,31.19,0.75,4,3,0,0,844.98,summer,75.53,30.14
2024-03-23,145.881,34.43,35.74,0.93,5,3,0,0,845.59,summer,82.44,29.07
2024-03-24,146.006,36.6,36.83,0.28,6,3,0,0,845.19,summer,74.43,30.84
2024-03-25,143.001,35.5,37.09,0.11,0,3,0,0,844.71,summer,73.54,29.57
2024-03-26,140.37,34.73,28.4,0.8,1,3,0,0,843.95,summer,77.93,30.4
2024-03-27,139.286,35.45,39.27,0.06,2,3,0,0,843.68,summer,75.64,29.81
2024-03-28,139.845,37.85,31.0,0.63,3,3,0,0,844.29,summer,79.26,30.23
2024-03-29,138.177,38.04,38.16,0.03,4,3,0,0,845.27,summer,75.46,29.54
2024-03-30,142.793,35.03,34.95,0.65,5,3,0,0,845.25,summer,74.24,30.07
2024-03-31,144.582,35.17,28.12,0.1,6,3,0,0,842.87,summer,69.64,29.72
2024-04-01,144.373,37.61,36.1,0.34,0,4,0,0,844.23,summer,70.14,30.46
2024-04-02,139.315,34.73,39.51,0.19,1,4,0,0,846.28,summer,69.49,30.0
2024-04-03,138.845,36.5,40.74,0.4,2,4,0,0,845.21,summer,76.13,30.21
2024-04-04,138.191,35.96,36.97,0.31,3,4,0,0,843.77,summer,70.89,28.97
2024-04-05,141.504,36.47,45.34,0.07,4,4,0,0,847.6,summer,78.73,29.81
2024-04-06,142.402,34.75,42.72,0.07,5,4,0,0,845.27,summer,75.02,30.01
2024-04-07,145.007,33.62,36.4,0.04,6,4,0,0,845.73,summer,74.17,29.94
2024-04-08,142.159,32.89,41.43,0.44,0,4,0,0,845.8,summer,72.33,30.24
2024-04-09,139.428,34.32,47.35,0.05,1,4,0,0,845.09,summer,76.69,29.71
2024-04-10,136.923,35.31,47.48,0.25,2,4,0,0,844.79,summer,72.36,29.88
2024-04-11,137.137,35.56,31.54,0.23,3,4,0,0,847.69,summer,71.76,30.34
2024-04-12,141.56,38.91,33.05,0.27,4,4,0,0,846.63,summer,78.22,28.96
2024-04-13,142.63,37.66,45.1,0.49,5,4,0,0,846.5,summer,75.66,30.11
2024-04-14,145.336,34.56,32.39,0.16,6,4,0,0,846.31,summer,73.82,29.74
2024-04-15,142.524,36.52,31.07,0.29,0,4,0,0,844.79,summer,76.37,29.52
2024-04-16,146.147,35.39,35.25,2.84,1,4,1,0,847.12,summer,74.39,30.02
2024-04-17,147.734,35.57,39.78,1.11,2,4,1,0,845.06,summer,75.42,30.38
2024-04-18,141.243,36.28,37.17,1.54,3,4,0,0,846.24,summer,71.72,30.31
2024-04-19,139.174,36.93,34.43,0.33,4,4,0,0,844.37,summer,80.28,29.84
2024-04-20,144.918,35.49,34.31,0.17,5,4,0,0,844.02,summer,72.23,30.25
2024-04-21,145.313,37.6,34.12,0.43,6,4,0,0,846.44,summer,78.52,30.25
2024-04-22,137.106,34.29,33.28,0.28,0,4,0,0,845.36,summer,73.17,29.87
2024-04-23,139.191,36.01,49.09,1.2,1,4,0,0,844.24,summer,76.04,29.63
2024-04-24,139.15,39.9,39.17,1.32,2,4,0,0,846.82,summer,75.69,29.66
2024-04-25,140.391,36.33,42.11,0.58,3,4,0,0,848.46,summer,76.79,30.26
2024-04-26,143.52,38.15,35.23,0.41,4,4,0,0,847.78,summer,70.69,29.91
2024-04-27,145.232,36.14,36.75,0.32,5,4,0,0,846.19,summer,76.29,29.51
2024-04-28,147.7,36.87,34.11,0.49,6,4,0,0,846.51,summer,78.46,29.26
2024-04-29,143.881,35.91,24.42,0.1,0,4,0,0,847.44,summer,71.99,30.27
2024-04-30,144.11,35.74,30.79,1.44,1,4,0,0,847.73,summer,72.7,29.72
2024-05-01,139.236,33.76,35.95,0.22,2,5,0,0,846.32,summer,70.86,30.08
2024-05-02,140.046,35.57,33.75,0.21,3,5,0,0,846.76,summer,71.22,30.44
2024-05-03,139.772,33.65,39.02,2.05,4,5,0,0,847.08,summer,77.22,29.43
2024-05-04,142.771,35.93,51.62,1.56,5,5,0,0,847.39,summer,68.89,29.94
2024-05-05,146.73,36.56,44.78,0.81,6,5,0,0,846.75,summer,68.89,29.89
2024-05-06,140.846,35.48,51.45,0.13,0,5,0,0,846.82,summer,76.36,30.12
2024-05-07,142.801,34.5,47.05,0.62,1,5,0,0,848.38,summer,73.2,30.46
2024-05-08,143.629,35.61,48.91,0.62,2,5,0,0,848.26,summer,77.49,29.44
2024-05-09,141.385,34.47,40.5,0.11,3,5,0,0,847.58,summer,69.57,30.2
2024-05-10,141.348,36.33,47.62,0.08,4,5,0,0,848.88,summer,71.09,30.39
2024-05-11,144.706,32.18,48.64,0.12,5,5,0,0,846.83,summer,68.52,29.91
2024-05-12,143.062,34.42,42.12,0.5,6,5,0,0,848.89,summer,70.71,29.93
2024-05-13,137.481,31.94,47.8,0.09,0,5,0,0,847.87,summer,64.73,30.16
2024-05-14,139.802,32.69,47.83,0.13,1,5,0,0,850.65,summer,71.88,30.13
2024-05-15,140.725,36.97,42.25,0.3,2,5,0,0,846.24,summer,70.56,30.23
2024-05-16,140.171,36.27,39.39,0.4,3,5,0,0,846.8,summer,69.18,30.23
2024-05-17,139.459,33.85,39.08,0.71,4,5,0,0,847.96,summer,67.94,29.62
2024-05-18,138.731,32.67,45.43,0.13,5,5,0,0,848.0,summer,66.18,30.41
2024-05-19,140.739,30.48,46.64,1.72,6,5,0,0,849.6,summer,70.8,30.48
2024-05-20,138.642,34.11,41.04,0.2,0,5,0,0,847.04,summer,64.85,30.09
2024-05-21,141.695,38.56,45.13,0.79,1,5,0,0,848.67,summer,69.64,29.43
2024-05-22,141.776,35.58,47.85,0.02,2,5,0,0,848.98,summer,74.06,29.98
2024-05-23,140.563,34.09,48.09,0.38,3,5,0,0,848.58,summer,72.03,30.11
2024-05-24,140.392,35.63,52.76,0.21,4,5,0,0,846.97,summer,62.79,29.58
2024-05-25,139.987,32.59,51.38,0.96,5,5,0,0,849.39,summer,65.42,29.9
2024-05-26,144.289,34.48,39.99,1.36,6,5,0,0,849.27,summer,68.02,29.48
2024-05-27,141.751,35.08,53.42,0.66,0,5,0,0,848.69,summer,66.26,30.29
2024-05-28,141.842,34.8,42.35,3.33,1,5,0,0,848.35,summer,61.99,30.12
2024-05-29,143.863,36.11,50.22,0.07,2,5,0,0,848.43,summer,67.06,29.4
2024-05-30,138.398,35.45,45.34,0.57,3,5,0,0,848.18,summer,65.58,30.2
2024-05-31,138.795,35.93,42.94,0.29,4,5,0,0,848.95,summer,71.06,30.04
2024-06-01,138.96,30.97,45.96,7.3,5,6,0,0,848.4,monsoon,64.27,30.27
2024-06-02,141.959,33.35,54.14,1.95,6,6,0,0,847.57,monsoon,68.23,29.92
2024-06-03,136.237,34.44,47.2,17.75,0,6,0,0,847.43,monsoon,60.62,29.76
2024-06-04,134.525,30.54,59.84,5.68,1,6,0,0,847.78,monsoon,61.03,29.77
2024-06-05,136.348,30.67,62.58,3.08,2,6,0,0,848.81,monsoon,65.98,29.87
2024-06-06,135.504,34.0,51.02,2.24,3,6,0,0,848.62,monsoon,66.75,30.1
2024-06-07,133.198,31.71,56.51,7.63,4,6,0,0,848.91,monsoon,60.31,30.15
2024-06-08,136.244,34.11,51.37,12.5,5,6,0,0,849.25,monsoon,62.94,30.02
2024-06-09,139.497,31.34,51.86,3.64,6,6,0,0,848.18,monsoon,58.41,29.93
2024-06-10,133.52,34.18,58.87,14.26,0,6,0,0,850.33,monsoon,61.69,29.96
2024-06-11,135.836,32.2,54.81,1.01,1,6,0,0,848.65,monsoon,64.42,31.11
2024-06-12,135.074,32.39,63.7,5.37,2,6,0,0,848.54,monsoon,60.28,29.8
2024-06-13,135.071,34.35,52.59,5.52,3,6,0,0,849.51,monsoon,60.52,29.89
2024-06-14,136.323,31.46,60.0,6.44,4,6,0,0,847.24,monsoon,57.54,31.44
2024-06-15,139.464,30.59,55.49,4.19,5,6,0,0,848.35,monsoon,58.66,30.29
2024-06-16,142.025,31.33,58.98,5.09,6,6,0,0,850.17,monsoon,65.55,29.58
2024-06-17,138.904,32.68,52.76,0.97,0,6,0,0,847.51,monsoon,60.16,30.47
2024-06-18,134.642,29.65,54.75,11.5,1,6,0,0,850.42,monsoon,56.6,29.77
2024-06-19,134.193,32.96,54.42,8.47,2,6,0,0,850.87,monsoon,58.33,30.5
2024-06-20,135.347,31.19,50.82,4.89,3,6,0,0,849.04,monsoon,54.14,30.06
2024-06-21,136.548,33.72,58.31,8.64,4,6,0,0,849.76,monsoon,55.55,29.97
2024-06-22,136.31,28.41,58.25,11.82,5,6,0,0,850.64,monsoon,62.34,30.8
2024-06-23,139.931,30.82,57.97,6.35,6,6,0,0,849.11,monsoon,57.49,30.38
2024-06-24,131.326,29.47,62.68,19.32,0,6,0,0,850.5,monsoon,63.25,30.55
2024-06-25,134.328,30.76,62.25,6.86,1,6,0,0,849.01,monsoon,56.95,30.34
2024-06-26,135.516,32.37,53.13,1.22,2,6,0,0,849.26,monsoon,56.78,29.99
2024-06-27,137.032,31.73,56.87,4.65,3,6,0,0,848.99,monsoon,58.47,30.42
2024-06-28,141.112,31.62,51.88,8.95,4,6,1,0,850.19,monsoon,48.19,30.66
2024-06-29,142.555,31.76,55.12,11.83,5,6,0,0,851.06,monsoon,56.48,30.23
2024-06-30,140.848,32.31,52.0,4.29,6,6,0,0,849.77,monsoon,55.37,30.9
2024-07-01,133.174,26.49,73.1,1.08,0,7,0,0,848.74,monsoon,59.63,30.53
2024-07-02,132.789,29.06,66.82,2.79,1,7,0,0,848.99,monsoon,57.72,30.28
2024-07-03,132.317,28.99,63.91,0.5,2,7,0,0,850.52,monsoon,51.08,30.3
2024-07-04,129.858,28.58,70.97,7.53,3,7,0,0,852.02,monsoon,57.87,30.25
2024-07-05,134.497,28.83,54.15,2.2,4,7,0,0,850.63,monsoon,53.01,29.7
2024-07-06,139.08,28.44,54.93,1.5,5,7,0,0,849.9,monsoon,50.74,30.17
2024-07-07,138.538,31.05,68.98,8.21,6,7,0,0,851.11,monsoon,53.7,30.3
2024-07-08,132.328,27.87,65.3,14.03,0,7,0,0,850.16,monsoon,52.16,30.05
2024-07-09,132.365,27.54,66.25,1.49,1,7,0,0,850.07,monsoon,57.04,30.36
2024-07-10,135.66,26.87,58.37,4.32,2,7,0,0,849.55,monsoon,53.11,30.23
2024-07-11,132.89,26.45,64.88,2.92,3,7,0,0,851.97,monsoon,52.36,30.54
2024-07-12,128.019,26.13,75.02,12.29,4,7,0,0,848.08,monsoon,54.11,30.5
2024-07-13,136.27,26.67,69.12,3.31,5,7,0,0,851.47,monsoon,54.35,30.3
2024-07-14,138.609,27.89,65.85,0.94,6,7,0,0,850.26,monsoon,53.08,29.69
2024-07-15,139.062,28.5,62.8,3.49,0,7,0,0,850.37,monsoon,54.65,30.96
2024-07-16,133.443,28.08,63.03,10.19,1,7,0,0,852.53,monsoon,51.89,30.19
2024-07-17,135.404,26.85,54.35,2.73,2,7,0,0,850.18,monsoon,50.23,30.22
2024-07-18,136.877,29.35,66.29,1.71,3,7,0,0,850.27,monsoon,53.11,30.12
2024-07-19,134.373,29.11,69.23,3.15,4,7,0,0,850.87,monsoon,48.79,30.06
2024-07-20,137.773,27.76,57.12,0.98,5,7,0,0,851.47,monsoon,48.84,30.88
2024-07-21,140.25,27.02,61.69,2.92,6,7,0,0,850.67,monsoon,53.58,30.82
2024-07-22,137.906,28.82,59.21,1.88,0,7,0,0,849.59,monsoon,52.95,30.45
2024-07-23,129.168,28.28,60.17,22.19,1,7,0,0,850.36,monsoon,47.74,30.23
2024-07-24,130.345,25.83,65.27,1.21,2,7,0,0,852.56,monsoon,46.09,30.53
2024-07-25,129.42,27.9,54.58,1.71,3,7,0,0,851.41,monsoon,51.52,30.31
2024-07-26,133.901,28.39,68.07,1.0,4,7,0,0,851.84,monsoon,49.21,30.21
2024-07-27,136.369,26.65,68.77,5.43,5,7,0,0,851.18,monsoon,47.45,30.43
2024-07-28,139.175,28.28,63.74,1.46,6,7,0,0,850.84,monsoon,45.22,30.12
2024-07-29,133.753,25.82,52.6,0.4,0,7,0,0,853.23,monsoon,46.88,30.4
2024-07-30,133.118,30.0,60.02,3.93,1,7,0,0,851.42,monsoon,45.51,30.39
2024-07-31,133.673,29.87,71.16,2.55,2,7,0,0,851.22,monsoon,43.28,30.55
2024-08-01,132.138,23.62,58.43,1.55,3,8,0,0,852.81,monsoon,45.36,30.06
2024-08-02,130.195,24.55,70.58,12.03,4,8,0,0,851.05,monsoon,45.48,30.6
2024-08-03,134.378,20.39,66.42,5.61,5,8,0,0,851.23,monsoon,43.26,29.96
2024-08-04,138.791,22.27,76.34,5.01,6,8,0,0,851.89,monsoon,46.81,30.09
2024-08-05,133.375,23.56,68.94,5.73,0,8,0,0,851.93,monsoon,47.67,30.12
2024-08-06,132.719,22.39,74.34,5.45,1,8,0,0,852.25,monsoon,46.43,29.9
2024-08-07,131.135,25.07,75.15,2.71,2,8,0,0,854.14,monsoon,42.42,30.74
2024-08-08,129.626,27.0,81.5,1.48,3,8,0,0,852.44,monsoon,45.23,29.95
2024-08-09,129.505,22.24,71.31,4.02,4,8,0,0,849.78,monsoon,42.93,30.06
2024-08-10,131.977,22.74,74.2,2.65,5,8,0,0,852.53,monsoon,38.72,30.85
2024-08-11,136.671,24.35,64.9,0.87,6,8,0,0,852.3,monsoon,44.18,30.12
2024-08-12,132.921,26.42,78.27,2.28,0,8,0,0,852.36,monsoon,42.34,30.28
2024-08-13,127.047,22.17,68.52,8.37,1,8,0,0,852.62,monsoon,49.42,29.96
2024-08-14,132.896,24.37,69.52,4.04,2,8,0,0,852.4,monsoon,45.76,30.7
2024-08-15,132.693,26.73,72.21,1.15,3,8,0,0,852.43,monsoon,43.27,30.71
2024-08-16,129.531,21.52,64.51,0.76,4,8,0,0,853.15,monsoon,41.64,30.67
2024-08-17,134.046,22.08,73.46,10.03,5,8,0,0,852.05,monsoon,41.14,30.59
2024-08-18,134.976,23.36,77.16,2.85,6,8,0,0,851.7,monsoon,37.4,30.41
2024-08-19,134.229,23.22,73.79,4.72,0,8,0,0,855.73,monsoon,34.96,30.17
2024-08-20,137.54,25.22,64.38,3.28,1,8,1,0,852.04,monsoon,37.33,30.06
2024-08-21,133.179,24.36,71.7,3.2,2,8,0,0,852.91,monsoon,39.58,30.91
2024-08-22,131.98,21.34,76.03,2.97,3,8,0,0,851.37,monsoon,33.19,30.7
2024-08-23,133.506,24.77,62.93,3.91,4,8,0,0,853.04,monsoon,37.65,30.12
2024-08-24,136.26,23.13,66.95,8.96,5,8,0,0,852.04,monsoon,38.33,30.42
2024-08-25,137.412,25.91,76.7,4.16,6,8,0,0,852.59,monsoon,38.22,30.29
2024-08-26,135.025,23.06,73.67,0.19,0,8,0,0,854.13,monsoon,36.68,29.96
2024-08-27,134.165,23.05,74.38,1.71,1,8,0,0,853.61,monsoon,37.45,30.49
2024-08-28,133.166,24.81,81.62,1.07,2,8,0,0,853.76,monsoon,43.45,30.25
2024-08-29,129.402,25.14,74.66,15.84,3,8,0,0,851.48,monsoon,40.08,30.04
2024-08-30,126.221,24.67,75.61,14.7,4,8,0,0,855.14,monsoon,36.23,29.84
2024-08-31,133.097,21.47,85.87,3.37,5,8,0,0,852.17,monsoon,37.53,29.81
2024-09-01,136.033,21.88,73.93,1.01,6,9,0,0,854.94,monsoon,37.48,30.29
2024-09-02,126.791,19.52,71.01,23.04,0,9,0,0,854.49,monsoon,35.1,30.41
2024-09-03,131.608,21.42,77.14,1.16,1,9,0,0,854.1,monsoon,34.93,30.09
2024-09-04,127.848,18.94,77.19,1.2,2,9,0,0,852.73,monsoon,40.11,30.71
2024-09-05,131.192,21.74,72.37,8.82,3,9,0,0,853.79,monsoon,35.67,30.43
2024-09-06,129.152,19.86,69.84,9.0,4,9,0,0,853.22,monsoon,33.5,30.69
2024-09-07,133.047,19.15,86.55,2.88,5,9,0,0,853.77,monsoon,36.52,30.39
2024-09-08,135.262,22.14,76.63,0.84,6,9,0,0,853.55,monsoon,36.87,30.15
2024-09-09,129.976,21.43,71.34,2.2,0,9,0,0,851.82,monsoon,30.47,30.51
2024-09-10,129.188,20.15,79.58,3.91,1,9,0,0,855.03,monsoon,36.14,29.97
2024-09-11,136.952,23.25,74.45,0.65,2,9,1,0,853.88,monsoon,38.75,30.69
2024-09-12,133.067,20.41,73.74,4.85,3,9,0,0,853.53,monsoon,37.39,30.11
2024-09-13,129.552,21.12,77.81,7.83,4,9,0,0,853.51,monsoon,42.62,30.85
2024-09-14,131.392,21.48,68.54,0.26,5,9,0,0,854.49,monsoon,39.58,30.35
2024-09-15,130.444,20.14,76.76,7.94,6,9,0,0,853.29,monsoon,40.08,30.92
2024-09-16,138.653,21.78,84.56,1.47,0,9,1,0,851.98,monsoon,44.04,30.05
2024-09-17,128.287,20.27,77.33,14.95,1,9,0,0,854.7,monsoon,37.83,30.23
2024-09-18,130.907,20.45,73.12,7.2,2,9,0,0,854.87,monsoon,35.97,30.66
2024-09-19,129.16,23.12,72.46,6.09,3,9,0,0,854.2,monsoon,38.33,30.98
2024-09-20,134.529,19.51,72.95,2.89,4,9,1,0,853.31,monsoon,33.66,31.18
2024-09-21,130.425,17.45,73.73,25.44,5,9,0,0,854.6,monsoon,35.6,30.53
2024-09-22,134.263,23.49,73.11,2.01,6,9,0,0,853.1,monsoon,33.28,31.26
2024-09-23,135.877,24.9,79.58,0.9,0,9,0,0,853.6,monsoon,36.37,30.41
2024-09-24,133.104,20.46,66.33,1.54,1,9,0,0,853.93,monsoon,33.18,30.97
2024-09-25,137.307,18.17,79.31,9.14,2,9,0,1,855.58,monsoon,33.04,30.16
2024-09-26,132.112,20.61,73.1,3.83,3,9,0,0,854.42,monsoon,36.31,30.7
2024-09-27,131.692,20.64,76.88,3.26,4,9,0,0,854.39,monsoon,34.63,29.6
2024-09-28,137.953,20.79,69.37,2.05,5,9,0,0,856.85,monsoon,29.24,30.1
2024-09-29,135.969,19.4,81.64,3.08,6,9,0,0,855.3,monsoon,30.64,30.73
2024-09-30,135.504,21.94,81.23,1.88,0,9,0,0,855.35,monsoon,31.56,30.03
2024-10-01,131.741,20.79,77.12,0.21,1,10,0,0,854.69,autumn,32.35,30.73
2024-10-02,131.713,17.76,64.75,1.94,2,10,0,0,854.52,autumn,36.25,30.92
2024-10-03,132.143,21.05,76.47,0.18,3,10,0,0,852.99,autumn,35.67,30.36
2024-10-04,130.511,23.08,74.34,0.53,4,10,0,0,856.2,autumn,38.23,30.18
2024-10-05,135.29,20.26,64.29,1.34,5,10,0,0,855.73,autumn,37.31,30.38
2024-10-06,135.902,19.49,72.2,1.22,6,10,0,0,855.16,autumn,38.3,30.19
2024-10-07,130.966,19.79,74.14,0.94,0,10,0,0,855.25,autumn,36.94,30.54
2024-10-08,131.621,20.92,75.1,1.01,1,10,0,0,856.18,autumn,35.78,30.62
2024-10-09,135.424,17.4,73.21,0.81,2,10,1,0,853.95,autumn,38.5,30.47
2024-10-10,132.289,20.25,73.78,0.89,3,10,0,0,854.97,autumn,38.01,31.26
2024-10-11,130.66,19.41,79.69,0.35,4,10,0,0,854.47,autumn,36.44,30.31
2024-10-12,135.182,22.77,78.45,0.87,5,10,0,0,857.44,autumn,39.19,31.16
2024-10-13,136.642,19.74,57.99,0.36,6,10,0,0,856.6,autumn,28.41,30.19
2024-10-14,133.941,22.5,70.73,1.3,0,10,0,0,853.57,autumn,34.65,30.64
2024-10-15,130.472,18.34,71.5,0.37,1,10,0,0,854.32,autumn,34.68,31.09
2024-10-16,135.716,20.88,63.56,0.9,2,10,0,0,855.75,autumn,39.14,31.07
2024-10-17,130.315,20.48,72.79,0.43,3,10,0,0,855.47,autumn,40.49,30.45
2024-10-18,129.215,18.7,78.56,0.07,4,10,0,0,854.67,autumn,31.52,30.85
2024-10-19,133.431,20.27,66.89,1.85,5,10,0,0,857.99,autumn,40.21,30.8
2024-10-20,139.753,21.82,74.0,0.28,6,10,0,0,856.42,autumn,32.57,30.42
2024-10-21,132.17,19.51,67.74,0.19,0,10,0,0,856.63,autumn,32.78,30.88
2024-10-22,131.514,17.46,68.96,0.05,1,10,0,0,855.52,autumn,35.62,31.38
2024-10-23,131.257,19.97,79.71,0.36,2,10,0,0,856.99,autumn,35.49,30.83
2024-10-24,131.453,18.65,69.61,0.33,3,10,0,0,855.94,autumn,31.91,30.87
2024-10-25,132.578,19.49,74.63,1.38,4,10,0,0,856.1,autumn,38.67,30.92
2024-10-26,137.652,19.88,62.96,0.81,5,10,0,0,857.04,autumn,38.9,30.07
2024-10-27,135.007,17.44,81.63,0.11,6,10,0,0,854.86,autumn,40.17,30.84
2024-10-28,131.74,17.58,75.33,0.31,0,10,0,0,858.14,autumn,35.86,30.26
2024-10-29,128.462,20.72,71.41,0.54,1,10,0,0,856.78,autumn,37.2,30.43
2024-10-30,129.671,19.22,75.2,1.56,2,10,0,0,857.93,autumn,37.39,31.54
2024-10-31,133.278,16.15,65.27,0.03,3,10,1,0,855.63,autumn,42.71,30.57
2024-11-01,132.585,22.25,70.91,0.26,4,11,0,0,855.84,autumn,29.32,30.38
2024-11-02,133.831,21.48,63.38,0.14,5,11,0,0,855.66,autumn,35.13,31.15
2024-11-03,144.689,20.0,63.98,0.47,6,11,0,1,857.12,autumn,38.2,30.31
2024-11-04,133.249,19.1,62.54,0.44,0,11,0,0,856.99,autumn,35.12,30.51
2024-11-05,133.309,22.33,62.1,0.78,1,11,0,0,856.52,autumn,37.8,31.2
2024-11-06,130.507,21.6,68.47,0.41,2,11,0,0,856.02,autumn,38.39,30.72
2024-11-07,131.293,24.65,66.28,0.53,3,11,0,0,855.83,autumn,37.0,30.08
2024-11-08,133.726,21.7,68.26,0.47,4,11,0,0,857.1,autumn,39.37,30.93
2024-11-09,137.69,21.65,64.96,0.08,5,11,0,0,856.74,autumn,41.28,30.55
2024-11-10,139.688,20.82,67.57,0.16,6,11,0,0,856.57,autumn,38.9,31.33
2024-11-11,137.914,22.3,62.91,0.19,0,11,0,0,858.86,autumn,38.47,30.48
2024-11-12,132.0,22.01,76.15,3.25,1,11,0,0,857.28,autumn,39.56,31.14
2024-11-13,135.716,22.95,57.16,0.07,2,11,0,0,858.69,autumn,40.27,31.44
2024-11-14,130.513,20.29,71.3,0.1,3,11,0,0,856.94,autumn,35.31,30.39
2024-11-15,132.153,20.42,71.84,0.01,4,11,0,0,857.78,autumn,42.15,30.66
2024-11-16,135.171,20.35,60.74,0.41,5,11,0,0,857.53,autumn,39.66,30.9
2024-11-17,135.03,22.26,76.15,0.85,6,11,0,0,855.94,autumn,45.04,30.4
2024-11-18,134.502,23.32,69.98,0.77,0,11,0,0,859.12,autumn,43.28,30.86
2024-11-19,133.752,20.38,69.86,0.47,1,11,0,0,857.62,autumn,45.28,30.66
2024-11-20,133.932,20.43,65.14,0.49,2,11,0,0,858.55,autumn,38.99,30.66
2024-11-21,133.244,21.54,63.91,0.36,3,11,0,0,857.11,autumn,41.18,30.78
2024-11-22,132.645,20.7,63.95,0.44,4,11,0,0,857.75,autumn,38.83,30.79
2024-11-23,137.331,22.5,66.95,0.69,5,11,0,0,857.1,autumn,40.71,30.83
2024-11-24,135.986,17.69,72.01,2.78,6,11,0,0,859.26,autumn,46.86,30.53
2024-11-25,133.343,19.83,65.91,1.39,0,11,0,0,858.39,autumn,47.85,30.55
2024-11-26,132.526,19.9,60.44,1.04,1,11,0,0,858.5,autumn,40.22,30.73
2024-11-27,131.873,17.59,69.12,1.42,2,11,0,0,859.55,autumn,42.58,30.77
2024-11-28,128.571,19.63,69.61,0.08,3,11,0,0,859.4,autumn,44.01,30.61
2024-11-29,129.668,19.7,68.27,1.05,4,11,0,0,859.06,autumn,46.29,30.92
2024-11-30,132.241,20.77,68.73,1.53,5,11,0,0,856.93,autumn,39.55,30.07
2024-12-01,138.754,25.67,53.65,0.04,6,12,0,0,857.71,winter,40.32,30.51
2024-12-02,138.549,23.63,50.36,0.23,0,12,0,0,857.46,winter,46.89,30.69
2024-12-03,134.719,22.45,50.66,0.85,1,12,0,0,859.25,winter,39.88,30.47
2024-12-04,135.155,23.91,46.82,0.18,2,12,0,0,858.74,winter,44.7,31.46
2024-12-05,136.256,25.57,56.18,0.2,3,12,0,0,857.24,winter,46.83,30.82
2024-12-06,130.899,22.54,54.58,0.9,4,12,0,0,858.49,winter,47.9,30.89
2024-12-07,135.551,22.63,52.8,0.88,5,12,0,0,857.24,winter,46.55,30.63
2024-12-08,140.32,24.84,40.22,0.07,6,12,0,0,858.74,winter,46.19,30.82
2024-12-09,131.656,23.67,48.76,0.29,0,12,0,0,857.19,winter,50.14,30.35
2024-12-10,131.742,24.97,60.6,0.3,1,12,0,0,859.43,winter,48.78,30.77
2024-12-11,135.355,23.98,51.68,0.09,2,12,0,0,859.34,winter,46.31,30.47
2024-12-12,136.549,25.05,56.8,0.19,3,12,0,0,860.92,winter,48.69,30.73
2024-12-13,135.346,22.45,48.05,0.02,4,12,0,0,859.92,winter,50.05,29.82
2024-12-14,139.302,23.98,62.19,0.2,5,12,0,0,858.7,winter,54.39,30.4
2024-12-15,140.093,23.68,54.28,0.35,6,12,0,0,860.0,winter,51.92,31.44
2024-12-16,136.255,22.18,56.45,0.24,0,12,0,0,857.83,winter,53.54,31.19
2024-12-17,132.83,21.65,66.63,0.91,1,12,0,0,858.32,winter,48.39,31.39
2024-12-18,133.767,25.03,62.58,0.93,2,12,0,0,859.67,winter,48.99,31.42
2024-12-19,132.759,23.47,53.47,0.5,3,12,0,0,857.24,winter,50.19,31.14
2024-12-20,135.265,22.47,52.03,0.22,4,12,0,0,859.41,winter,50.8,30.69
2024-12-21,140.956,23.86,53.37,0.03,5,12,0,0,858.49,winter,48.55,30.47
2024-12-22,143.03,25.69,57.55,0.09,6,12,0,0,859.66,winter,55.71,31.34
2024-12-23,135.052,20.58,54.47,0.89,0,12,0,0,858.54,winter,54.9,30.91
2024-12-24,132.305,21.76,53.02,0.05,1,12,0,0,860.1,winter,51.68,31.89
2024-12-25,142.372,22.62,62.34,0.03,2,12,0,1,859.74,winter,54.86,30.75
2024-12-26,138.695,26.19,54.43,0.3,3,12,0,0,861.18,winter,53.95,31.69
2024-12-27,135.433,24.42,66.5,1.11,4,12,0,0,859.84,winter,55.78,30.84
2024-12-28,137.787,25.15,55.45,0.68,5,12,0,0,859.12,winter,49.93,31.44
2024-12-29,138.69,22.29,63.93,1.04,6,12,0,0,859.7,winter,53.87,31.59
2024-12-30,133.055,22.32,56.79,0.26,0,12,0,0,858.66,winter,54.48,30.51
